Video Titles,Image Titles
Apple,https://s3.amazonaws.com/cdn.designcrowd.com/blog/100-Famous-Brand%20Logos-From-The-Most-Valuable-Companies-of-2020/apple-logo.png
Google,https://s3.amazonaws.com/cdn.designcrowd.com/blog/100-Famous-Brand%20Logos-From-The-Most-Valuable-Companies-of-2020/google-logo.png
Microsoft,https://s3.amazonaws.com/cdn.designcrowd.com/blog/100-Famous-Brand%20Logos-From-The-Most-Valuable-Companies-of-2020/microsoft-logo.png
Amazon,https://s3.amazonaws.com/cdn.designcrowd.com/blog/100-Famous-Brand%20Logos-From-The-Most-Valuable-Companies-of-2020/amazon-logo.png
Facebook,https://s3.amazonaws.com/cdn.designcrowd.com/blog/100-Famous-Brand%20Logos-From-The-Most-Valuable-Companies-of-2020/facebook-logo.png
Coca-Cola,https://s3.amazonaws.com/cdn.designcrowd.com/blog/100-Famous-Brand%20Logos-From-The-Most-Valuable-Companies-of-2020/coca-cola-logo.png
Samsung,https://s3.amazonaws.com/cdn.designcrowd.com/blog/100-Famous-Brand%20Logos-From-The-Most-Valuable-Companies-of-2020/samsung-logo.png
Walt Disney Pictures,https://s3.amazonaws.com/cdn.designcrowd.com/blog/100-Famous-Brand%20Logos-From-The-Most-Valuable-Companies-of-2020/walt-disney-logo.png
Toyota,https://s3.amazonaws.com/cdn.designcrowd.com/blog/100-Famous-Brand%20Logos-From-The-Most-Valuable-Companies-of-2020/toyota-logo.png
McDonald’s,https://s3.amazonaws.com/cdn.designcrowd.com/blog/100-Famous-Brand%20Logos-From-The-Most-Valuable-Companies-of-2020/mcdonalds-logo.png
AT&T,https://s3.amazonaws.com/cdn.designcrowd.com/blog/100-Famous-Brand%20Logos-From-The-Most-Valuable-Companies-of-2020/att-logo.png
Louis Vuitton,https://s3.amazonaws.com/cdn.designcrowd.com/blog/100-Famous-Brand%20Logos-From-The-Most-Valuable-Companies-of-2020/louis-vuitton-logo.png
Intel,https://s3.amazonaws.com/cdn.designcrowd.com/blog/100-Famous-Brand%20Logos-From-The-Most-Valuable-Companies-of-2020/intel-logo.png
Nike,https://s3.amazonaws.com/cdn.designcrowd.com/blog/100-Famous-Brand%20Logos-From-The-Most-Valuable-Companies-of-2020/nike-logo.png
Cisco,https://s3.amazonaws.com/cdn.designcrowd.com/blog/100-Famous-Brand%20Logos-From-The-Most-Valuable-Companies-of-2020/cisco-logo.png
GE,https://s3.amazonaws.com/cdn.designcrowd.com/blog/100-Famous-Brand%20Logos-From-The-Most-Valuable-Companies-of-2020/ge-logo.png
Mercedes-Benz,https://s3.amazonaws.com/cdn.designcrowd.com/blog/100-Famous-Brand%20Logos-From-The-Most-Valuable-Companies-of-2020/mercedes-benz-logo.png
Oracle,https://s3.amazonaws.com/cdn.designcrowd.com/blog/100-Famous-Brand%20Logos-From-The-Most-Valuable-Companies-of-2020/oracle-logo.png
Verizon,https://s3.amazonaws.com/cdn.designcrowd.com/blog/100-Famous-Brand%20Logos-From-The-Most-Valuable-Companies-of-2020/verizon-logo.png
IBM,https://s3.amazonaws.com/cdn.designcrowd.com/blog/100-Famous-Brand%20Logos-From-The-Most-Valuable-Companies-of-2020/ibm-logo.png
BMW,https://s3.amazonaws.com/cdn.designcrowd.com/blog/100-Famous-Brand%20Logos-From-The-Most-Valuable-Companies-of-2020/bmw-logo.png
SAP,https://s3.amazonaws.com/cdn.designcrowd.com/blog/100-Famous-Brand%20Logos-From-The-Most-Valuable-Companies-of-2020/sap-logo.png
Marlboro,https://s3.amazonaws.com/cdn.designcrowd.com/blog/100-Famous-Brand%20Logos-From-The-Most-Valuable-Companies-of-2020/marlboro-logo.png
Budweiser,https://s3.amazonaws.com/cdn.designcrowd.com/blog/100-Famous-Brand%20Logos-From-The-Most-Valuable-Companies-of-2020/budweiser-logo.png
Visa,https://s3.amazonaws.com/cdn.designcrowd.com/blog/100-Famous-Brand%20Logos-From-The-Most-Valuable-Companies-of-2020/visa-logo.png
Walmart,https://s3.amazonaws.com/cdn.designcrowd.com/blog/100-Famous-Brand%20Logos-From-The-Most-Valuable-Companies-of-2020/walmart-logo.png
American Express,https://s3.amazonaws.com/cdn.designcrowd.com/blog/100-Famous-Brand%20Logos-From-The-Most-Valuable-Companies-of-2020/american-express-logo.png
Honda,https://s3.amazonaws.com/cdn.designcrowd.com/blog/100-Famous-Brand%20Logos-From-The-Most-Valuable-Companies-of-2020/honda-logo.png
Pepsi,https://s3.amazonaws.com/cdn.designcrowd.com/blog/100-Famous-Brand%20Logos-From-The-Most-Valuable-Companies-of-2020/pepsi-logo.png
Gucci,https://s3.amazonaws.com/cdn.designcrowd.com/blog/100-Famous-Brand%20Logos-From-The-Most-Valuable-Companies-of-2020/gucci-logo.png
L’Oreal,https://s3.amazonaws.com/cdn.designcrowd.com/blog/100-Famous-Brand%20Logos-From-The-Most-Valuable-Companies-of-2020/loreal-logo.png
Home Depot,https://s3.amazonaws.com/cdn.designcrowd.com/blog/100-Famous-Brand%20Logos-From-The-Most-Valuable-Companies-of-2020/home-depot-logo.png
Hermes,https://s3.amazonaws.com/cdn.designcrowd.com/blog/100-Famous-Brand%20Logos-From-The-Most-Valuable-Companies-of-2020/hermes-logo.png
Nescafe,https://s3.amazonaws.com/cdn.designcrowd.com/blog/100-Famous-Brand%20Logos-From-The-Most-Valuable-Companies-of-2020/nescafe-logo.png
Starbucks,https://s3.amazonaws.com/cdn.designcrowd.com/blog/100-Famous-Brand%20Logos-From-The-Most-Valuable-Companies-of-2020/starbucks-logo.png
Accenture,https://s3.amazonaws.com/cdn.designcrowd.com/blog/100-Famous-Brand%20Logos-From-The-Most-Valuable-Companies-of-2020/accenture-logo.png
Gillette,https://s3.amazonaws.com/cdn.designcrowd.com/blog/100-Famous-Brand%20Logos-From-The-Most-Valuable-Companies-of-2020/gillette-logo.png
Netflix,https://s3.amazonaws.com/cdn.designcrowd.com/blog/100-Famous-Brand%20Logos-From-The-Most-Valuable-Companies-of-2020/netflix-logo.png
IKEA,https://s3.amazonaws.com/cdn.designcrowd.com/blog/100-Famous-Brand%20Logos-From-The-Most-Valuable-Companies-of-2020/ikea-logo.png
Frito-Lay,https://s3.amazonaws.com/cdn.designcrowd.com/blog/100-Famous-Brand%20Logos-From-The-Most-Valuable-Companies-of-2020/frito-lay-logo.png
Audi,https://s3.amazonaws.com/cdn.designcrowd.com/blog/100-Famous-Brand%20Logos-From-The-Most-Valuable-Companies-of-2020/audi-logo.png
Wells Fargo,https://s3.amazonaws.com/cdn.designcrowd.com/blog/100-Famous-Brand%20Logos-From-The-Most-Valuable-Companies-of-2020/wells-fargo-logo.png
Mastercard,https://s3.amazonaws.com/cdn.designcrowd.com/blog/100-Famous-Brand%20Logos-From-The-Most-Valuable-Companies-of-2020/mastercard-logo.png
Siemens,https://s3.amazonaws.com/cdn.designcrowd.com/blog/100-Famous-Brand%20Logos-From-The-Most-Valuable-Companies-of-2020/siemens-logo.png
CVS,https://s3.amazonaws.com/cdn.designcrowd.com/blog/100-Famous-Brand%20Logos-From-The-Most-Valuable-Companies-of-2020/cvs-health-logo.png
Zara,https://s3.amazonaws.com/cdn.designcrowd.com/blog/100-Famous-Brand%20Logos-From-The-Most-Valuable-Companies-of-2020/zara-logo.png
ESPN,https://s3.amazonaws.com/cdn.designcrowd.com/blog/100-Famous-Brand%20Logos-From-The-Most-Valuable-Companies-of-2020/espn-logo.png
Ford,https://s3.amazonaws.com/cdn.designcrowd.com/blog/100-Famous-Brand%20Logos-From-The-Most-Valuable-Companies-of-2020/ford-logo.png
HSBC,https://s3.amazonaws.com/cdn.designcrowd.com/blog/100-Famous-Brand%20Logos-From-The-Most-Valuable-Companies-of-2020/hsbc-logo.png
Nestle,https://s3.amazonaws.com/cdn.designcrowd.com/blog/100-Famous-Brand%20Logos-From-The-Most-Valuable-Companies-of-2020/netsle-logo.png
UPS,https://s3.amazonaws.com/cdn.designcrowd.com/blog/100-Famous-Brand%20Logos-From-The-Most-Valuable-Companies-of-2020/UPS.png
HP,https://s3.amazonaws.com/cdn.designcrowd.com/blog/100-Famous-Brand%20Logos-From-The-Most-Valuable-Companies-of-2020/HP.png
J.P. Morgan,https://s3.amazonaws.com/cdn.designcrowd.com/blog/100-Famous-Brand%20Logos-From-The-Most-Valuable-Companies-of-2020/JP%20Morgan.png
Deloitte,https://s3.amazonaws.com/cdn.designcrowd.com/blog/100-Famous-Brand%20Logos-From-The-Most-Valuable-Companies-of-2020/deloitte.png
Fox,https://s3.amazonaws.com/cdn.designcrowd.com/blog/100-Famous-Brand%20Logos-From-The-Most-Valuable-Companies-of-2020/fox%20png-6.png
Chase,https://s3.amazonaws.com/cdn.designcrowd.com/blog/100-Famous-Brand%20Logos-From-The-Most-Valuable-Companies-of-2020/Chase.png
Bank of America,https://s3.amazonaws.com/cdn.designcrowd.com/blog/100-Famous-Brand%20Logos-From-The-Most-Valuable-Companies-of-2020/bank-of-america.png
H&M,https://s3.amazonaws.com/cdn.designcrowd.com/blog/100-Famous-Brand%20Logos-From-The-Most-Valuable-Companies-of-2020/H_M.png
Citi,https://s3.amazonaws.com/cdn.designcrowd.com/blog/100-Famous-Brand%20Logos-From-The-Most-Valuable-Companies-of-2020/Citi.png
Sony,https://s3.amazonaws.com/cdn.designcrowd.com/blog/100-Famous-Brand%20Logos-From-The-Most-Valuable-Companies-of-2020/sony.png
Adidas,https://s3.amazonaws.com/cdn.designcrowd.com/blog/100-Famous-Brand%20Logos-From-The-Most-Valuable-Companies-of-2020/Adidas.png
Porsche,https://s3.amazonaws.com/cdn.designcrowd.com/blog/100-Famous-Brand%20Logos-From-The-Most-Valuable-Companies-of-2020/porsche.png
Chevrolet,https://s3.amazonaws.com/cdn.designcrowd.com/blog/100-Famous-Brand%20Logos-From-The-Most-Valuable-Companies-of-2020/chevrolet.png
Cartier,https://s3.amazonaws.com/cdn.designcrowd.com/blog/100-Famous-Brand%20Logos-From-The-Most-Valuable-Companies-of-2020/cartier.png
Pampers,https://s3.amazonaws.com/cdn.designcrowd.com/blog/100-Famous-Brand%20Logos-From-The-Most-Valuable-Companies-of-2020/pampers.png
Adobe,https://s3.amazonaws.com/cdn.designcrowd.com/blog/100-Famous-Brand%20Logos-From-The-Most-Valuable-Companies-of-2020/adobe.png
Ebay,https://s3.amazonaws.com/cdn.designcrowd.com/blog/100-Famous-Brand%20Logos-From-The-Most-Valuable-Companies-of-2020/ebay.png
PwC,https://s3.amazonaws.com/cdn.designcrowd.com/blog/100-Famous-Brand%20Logos-From-The-Most-Valuable-Companies-of-2020/pwc.png
Colgate,https://s3.amazonaws.com/cdn.designcrowd.com/blog/100-Famous-Brand%20Logos-From-The-Most-Valuable-Companies-of-2020/colgate%20palmolive.png
Corona,https://s3.amazonaws.com/cdn.designcrowd.com/blog/100-Famous-Brand%20Logos-From-The-Most-Valuable-Companies-of-2020/corona-logo.png
Red Bull,https://s3.amazonaws.com/cdn.designcrowd.com/blog/100-Famous-Brand%20Logos-From-The-Most-Valuable-Companies-of-2020/red%20bull.png
Lexus,https://s3.amazonaws.com/cdn.designcrowd.com/blog/100-Famous-Brand%20Logos-From-The-Most-Valuable-Companies-of-2020/lexus.png
T-Mobile,https://s3.amazonaws.com/cdn.designcrowd.com/blog/100-Famous-Brand%20Logos-From-The-Most-Valuable-Companies-of-2020/t%20mobile.png
Lowe’s,https://s3.amazonaws.com/cdn.designcrowd.com/blog/100-Famous-Brand%20Logos-From-The-Most-Valuable-Companies-of-2020/lowe_s.png
Santander,https://s3.amazonaws.com/cdn.designcrowd.com/blog/100-Famous-Brand%20Logos-From-The-Most-Valuable-Companies-of-2020/santander.png
Danone,https://s3.amazonaws.com/cdn.designcrowd.com/blog/100-Famous-Brand%20Logos-From-The-Most-Valuable-Companies-of-2020/danone.png
PayPal,https://s3.amazonaws.com/cdn.designcrowd.com/blog/100-Famous-Brand%20Logos-From-The-Most-Valuable-Companies-of-2020/paypal.png
Rolex,https://s3.amazonaws.com/cdn.designcrowd.com/blog/100-Famous-Brand%20Logos-From-The-Most-Valuable-Companies-of-2020/rolex.png
Chanel,https://s3.amazonaws.com/cdn.designcrowd.com/blog/100-Famous-Brand%20Logos-From-The-Most-Valuable-Companies-of-2020/chanel.png
Goldman Sachs,https://s3.amazonaws.com/cdn.designcrowd.com/blog/100-Famous-Brand%20Logos-From-The-Most-Valuable-Companies-of-2020/goldman%20sachs.png
Nissan,https://s3.amazonaws.com/cdn.designcrowd.com/blog/100-Famous-Brand%20Logos-From-The-Most-Valuable-Companies-of-2020/nissan.png
Costco,https://s3.amazonaws.com/cdn.designcrowd.com/blog/100-Famous-Brand%20Logos-From-The-Most-Valuable-Companies-of-2020/costco.png
Heineken,https://s3.amazonaws.com/cdn.designcrowd.com/blog/100-Famous-Brand%20Logos-From-The-Most-Valuable-Companies-of-2020/heineken_.png
Uniqlo,https://s3.amazonaws.com/cdn.designcrowd.com/blog/100-Famous-Brand%20Logos-From-The-Most-Valuable-Companies-of-2020/uniqlo.png
Lancome,https://s3.amazonaws.com/cdn.designcrowd.com/blog/100-Famous-Brand%20Logos-From-The-Most-Valuable-Companies-of-2020/lancome.png
KFC,https://s3.amazonaws.com/cdn.designcrowd.com/blog/100-Famous-Brand%20Logos-From-The-Most-Valuable-Companies-of-2020/kfc.png
Caterpillar,https://s3.amazonaws.com/cdn.designcrowd.com/blog/100-Famous-Brand%20Logos-From-The-Most-Valuable-Companies-of-2020/cat.png
RBC,https://s3.amazonaws.com/cdn.designcrowd.com/blog/100-Famous-Brand%20Logos-From-The-Most-Valuable-Companies-of-2020/rbc.png
FedEx,https://s3.amazonaws.com/cdn.designcrowd.com/blog/100-Famous-Brand%20Logos-From-The-Most-Valuable-Companies-of-2020/fedex.png
Dell,https://s3.amazonaws.com/cdn.designcrowd.com/blog/100-Famous-Brand%20Logos-From-The-Most-Valuable-Companies-of-2020/DELL.png
Allianz,https://s3.amazonaws.com/cdn.designcrowd.com/blog/100-Famous-Brand%20Logos-From-The-Most-Valuable-Companies-of-2020/Allianz.png
Nivea,https://s3.amazonaws.com/cdn.designcrowd.com/blog/100-Famous-Brand%20Logos-From-The-Most-Valuable-Companies-of-2020/nivea.png
Philips,https://s3.amazonaws.com/cdn.designcrowd.com/blog/100-Famous-Brand%20Logos-From-The-Most-Valuable-Companies-of-2020/philips.png
Hyundai,https://s3.amazonaws.com/cdn.designcrowd.com/blog/100-Famous-Brand%20Logos-From-The-Most-Valuable-Companies-of-2020/hyundai.png
Hewlett-Packard Enterprise,https://s3.amazonaws.com/cdn.designcrowd.com/blog/100-Famous-Brand%20Logos-From-The-Most-Valuable-Companies-of-2020/hewlett.png
LEGO,https://s3.amazonaws.com/cdn.designcrowd.com/blog/100-Famous-Brand%20Logos-From-The-Most-Valuable-Companies-of-2020/lego.png
Huawei,https://s3.amazonaws.com/cdn.designcrowd.com/blog/100-Famous-Brand%20Logos-From-The-Most-Valuable-Companies-of-2020/huawei-logo.png
John Deere,https://s3.amazonaws.com/cdn.designcrowd.com/blog/100-Famous-Brand%20Logos-From-The-Most-Valuable-Companies-of-2020/john%20deere.png
BASF,https://s3.amazonaws.com/cdn.designcrowd.com/blog/100-Famous-Brand%20Logos-From-The-Most-Valuable-Companies-of-2020/BASF.png
Kellogg’s,https://s3.amazonaws.com/cdn.designcrowd.com/blog/100-Famous-Brand%20Logos-From-The-Most-Valuable-Companies-of-2020/kellogg_s.png
